{
  "project_info": {
    "project_number": "519694923361",
    "firebase_url": "https://eep-p26-hack2-bpid-301480-default-rtdb.firebaseio.com",
    "project_id": "eep-p26-hack2-bpid-301480",
    "storage_bucket": "eep-p26-hack2-bpid-301480.appspot.com"
  },
  "client": [
    {
      "client_info": {
        "mobilesdk_app_id": "1:519694923361:android:65553ced18320c70375c20",
        "android_client_info": {
          "package_name": "com.google.cloud.solutions.flexenv"
        }
      },
      "oauth_client": [
        {
          "client_id": "519694923361-0eqs5vq8g48716dgc9ocih9hlosbia7o.apps.googleusercontent.com",
          "client_type": 3
        }
      ],
      "api_key": [
        {
          "current_key": "AIzaSyCZXz3eZTifLsjtQ9cqcrsYqyjr733O3ss"
        }
      ],
      "services": {
        "appinvite_service": {
          "other_platform_oauth_client": [
            {
              "client_id": "519694923361-0eqs5vq8g48716dgc9ocih9hlosbia7o.apps.googleusercontent.com",
              "client_type": 3
            }
          ]
        }
      }
    },
    {
      "client_info": {
        "mobilesdk_app_id": "1:519694923361:android:8894253482a8147a375c20",
        "android_client_info": {
          "package_name": "com.hsbc.app.hema"
        }
      },
      "oauth_client": [
        {
          "client_id": "519694923361-0eqs5vq8g48716dgc9ocih9hlosbia7o.apps.googleusercontent.com",
          "client_type": 3
        }
      ],
      "api_key": [
        {
          "current_key": "AIzaSyCZXz3eZTifLsjtQ9cqcrsYqyjr733O3ss"
        }
      ],
      "services": {
        "appinvite_service": {
          "other_platform_oauth_client": [
            {
              "client_id": "519694923361-0eqs5vq8g48716dgc9ocih9hlosbia7o.apps.googleusercontent.com",
              "client_type": 3
            }
          ]
        }
      }
    },
    {
      "client_info": {
        "mobilesdk_app_id": "1:519694923361:android:74ca804c32a1693a375c20",
        "android_client_info": {
          "package_name": "com.hsbc.eep.hema"
        }
      },
      "oauth_client": [
        {
          "client_id": "519694923361-7ojv66tg8h6bd5gd14271u2dknmflh5o.apps.googleusercontent.com",
          "client_type": 1,
          "android_info": {
            "package_name": "com.hsbc.eep.hema",
            "certificate_hash": "cd241190c22147f3886b6fe2b3179b0d48031321"
          }
        },
        {
          "client_id": "519694923361-0eqs5vq8g48716dgc9ocih9hlosbia7o.apps.googleusercontent.com",
          "client_type": 3
        }
      ],
      "api_key": [
        {
          "current_key": "AIzaSyCZXz3eZTifLsjtQ9cqcrsYqyjr733O3ss"
        }
      ],
      "services": {
        "appinvite_service": {
          "other_platform_oauth_client": [
            {
              "client_id": "519694923361-0eqs5vq8g48716dgc9ocih9hlosbia7o.apps.googleusercontent.com",
              "client_type": 3
            }
          ]
        }
      }
    }
  ],
  "configuration_version": "1"
}